{
  "total_processed": 15,
  "successful": 15,
  "avg_latency_ms": 522.049887975057,
  "avg_retrieval_count": 2.0,
  "anomaly_type_accuracy": 1.0,
  "rouge_l_f1": 0.17720679155001343,
  "rouge_l_f1_per_item": [
    0.27906976744186046,
    0.10714285714285714,
    0.15384615384615383,
    0.5909090909090908,
    0.1333333333333333,
    0.31818181818181823,
    0.08888888888888888,
    0.0425531914893617,
    0.07692307692307691,
    0.20338983050847456,
    0.17857142857142855,
    0.0784313725490196,
    0.18867924528301885,
    0.14545454545454545,
    0.07272727272727272
  ],
  "bert_score_f1": 0.17720679155001343,
  "bert_score_f1_per_item": [
    0.27906976744186046,
    0.10714285714285714,
    0.15384615384615383,
    0.5909090909090908,
    0.1333333333333333,
    0.31818181818181823,
    0.08888888888888888,
    0.0425531914893617,
    0.07692307692307691,
    0.20338983050847456,
    0.17857142857142855,
    0.0784313725490196,
    0.18867924528301885,
    0.14545454545454545,
    0.07272727272727272
  ],
  "config": "multi_agent_rag"
}