{
  "total_processed": 15,
  "successful": 15,
  "avg_latency_ms": 1215.3780301411946,
  "avg_retrieval_count": 0.0,
  "anomaly_type_accuracy": 1.0,
  "rouge_l_f1": 0.08796123082310582,
  "rouge_l_f1_per_item": [
    0.08421052631578949,
    0.06593406593406594,
    0.06818181818181819,
    0.09900990099009901,
    0.10526315789473684,
    0.11999999999999998,
    0.047619047619047616,
    0.14457831325301204,
    0.08333333333333333,
    0.11428571428571428,
    0.10084033613445377,
    0.0625,
    0.08247422680412371,
    0.03809523809523809,
    0.10309278350515463
  ],
  "bert_score_f1": 0.08796123082310582,
  "bert_score_f1_per_item": [
    0.08421052631578949,
    0.06593406593406594,
    0.06818181818181819,
    0.09900990099009901,
    0.10526315789473684,
    0.11999999999999998,
    0.047619047619047616,
    0.14457831325301204,
    0.08333333333333333,
    0.11428571428571428,
    0.10084033613445377,
    0.0625,
    0.08247422680412371,
    0.03809523809523809,
    0.10309278350515463
  ],
  "config": "no_rag"
}