{
  "total_processed": 15,
  "successful": 15,
  "avg_latency_ms": 9518.195915222168,
  "avg_retrieval_count": 0.0,
  "anomaly_type_accuracy": 1.0,
  "rouge_l_f1": 0.0961714106469185,
  "rouge_l_f1_per_item": [
    0.1,
    0.13592233009708737,
    0.06521739130434784,
    0.11009174311926606,
    0.10714285714285714,
    0.11999999999999998,
    0.07407407407407407,
    0.12195121951219512,
    0.06976744186046512,
    0.11214953271028039,
    0.09615384615384616,
    0.08247422680412371,
    0.08695652173913043,
    0.06451612903225806,
    0.09615384615384616
  ],
  "bert_score_f1": 0.0961714106469185,
  "bert_score_f1_per_item": [
    0.1,
    0.13592233009708737,
    0.06521739130434784,
    0.11009174311926606,
    0.10714285714285714,
    0.11999999999999998,
    0.07407407407407407,
    0.12195121951219512,
    0.06976744186046512,
    0.11214953271028039,
    0.09615384615384616,
    0.08247422680412371,
    0.08695652173913043,
    0.06451612903225806,
    0.09615384615384616
  ],
  "config": "rag_only"
}