{
  "total_processed": 15,
  "successful": 10,
  "avg_latency_ms": 1362.9857381184895,
  "avg_retrieval_count": 0.0,
  "anomaly_type_accuracy": 0.6666666666666666,
  "rouge_l_f1": 0.06347416665556663,
  "rouge_l_f1_per_item": [
    0.09756097560975609,
    0.07619047619047621,
    0.06060606060606061,
    0.08403361344537816,
    0.10619469026548671,
    0.10619469026548672,
    0.07547169811320754,
    0.16666666666666666,
    0.0,
    0.0,
    0.09756097560975609,
    0.0,
    0.08163265306122448,
    0.0,
    0.0
  ],
  "bert_score_f1": 0.06347416665556663,
  "bert_score_f1_per_item": [
    0.09756097560975609,
    0.07619047619047621,
    0.06060606060606061,
    0.08403361344537816,
    0.10619469026548671,
    0.10619469026548672,
    0.07547169811320754,
    0.16666666666666666,
    0.0,
    0.0,
    0.09756097560975609,
    0.0,
    0.08163265306122448,
    0.0,
    0.0
  ],
  "config": "single_agent_rag"
}